Workbook

Sheet Test Cases
A1: Test Case ID | B1: Test Level | C1: Related Use Case | D1: Scenario Type | E1: Test Objective | F1: Preconditions | G1: Test Input | H1: Test Steps | I1: Expected Output | J1: Actual Output | K1: Status | L1: Tester | M1: Date Tested
A2: TC-U-01 | B2: Unit | C2: UC-1 | D2: Positive | E2: Verify Authenticate User accepts valid Student credentials | F2: Login page is open; Student account jsmith exists and is active | G2: Username: jsmith; Password: Valid@123 | H2: 1) Enter username and password. 2) Click Login. | I2: User is authenticated and redirected to the Student dashboard | J2: User authenticated; redirected to dashboard | K2: Pass | L2: J. Cruz | M2: 2026-08-05
A3: TC-U-02 | B3: Unit | C3: UC-1 | D3: Negative | E3: Verify Authenticate User rejects an incorrect password | F3: Login page is open; Student account jsmith exists | G3: Username: jsmith; Password: WrongPass1 | H3: 1) Enter username and wrong password. 2) Click Login. | I3: Login is rejected; message 'Invalid username or password' is shown | J3: Login rejected; correct message shown | K3: Pass | L3: J. Cruz | M3: 2026-08-05
A4: TC-U-03 | B4: Unit | C4: UC-2 | D4: Positive | E4: Verify Search Course Catalog returns matches for a valid keyword | F4: Catalog contains at least one course titled 'Data Structures' | G4: Search keyword: 'Data Structures' | H4: 1) Enter keyword in search box. 2) Press Enter. | I4: All courses whose title/description matches 'Data Structures' are listed | J4: 3 matching courses listed correctly | K4: Pass | L4: ken | M4: 2026-08-05
A5: TC-U-04 | B5: Unit | C5: UC-2 | D5: Negative | E5: Verify Search Course Catalog handles a keyword with no matches | F5: No course in the catalog matches the term 'zzzz' | G5: Search keyword: 'zzzz' | H5: 1) Enter keyword in search box. 2) Press Enter. | I5: System shows 'No courses found' with no application error | J5: Message shown as expected; no crash | K5: Pass | L5: ken | M5: 2026-08-05
A6: TC-U-05 | B6: Unit | C6: UC-4 | D6: Positive | E6: Verify checkPrerequisite() returns valid=true when the prerequisite is on file | F6: Student has completed CS201 (prerequisite for CS301) | G6: studentId: S-2041; courseId: CS301 | H6: 1) Call checkPrerequisite(studentId, courseId). | I6: Function returns prereqStatus valid=true | J6: Returned valid=true | K6: Pass | L6: cartii | M6: 2026-08-05
A7: TC-U-06 | B7: Unit | C7: UC-4 | D7: Negative | E7: Verify checkPrerequisite() returns valid=false when the prerequisite is missing | F7: Student has NOT completed CS201 | G7: studentId: S-2098; courseId: CS301 | H7: 1) Call checkPrerequisite(studentId, courseId). | I7: Function returns prereqStatus valid=false and blocks registration | J7: Function returned valid=true; registration was not blocked | K7: Fail | L7: cartii | M7: 2026-08-05
A8: TC-U-07 | B8: Unit | C8: UC-5 | D8: Positive | E8: Verify verifySeatAvailability() correctly reports an open seat | F8: CS301 Section 1 has 5 of 30 seats filled | G8: courseId: CS301-01 | H8: 1) Call verifySeatAvailability(courseId). | I8: Function returns available=true | J8: Returned available=true | K8: Pass | L8: cartii | M8: 2026-08-05
A9: TC-U-08 | B9: Unit | C9: UC-5 | D9: Negative | E9: Verify verifySeatAvailability() correctly flags a full section | F9: CS301 Section 1 has 30 of 30 seats filled | G9: courseId: CS301-01 | H9: 1) Call verifySeatAvailability(courseId). | I9: Function returns available=false and blocks registration | J9: Returned available=false; registration blocked | K9: Pass | L9: cartii | M9: 2026-08-05
A10: TC-U-09 | B10: Unit | C10: Course.checkAvailability() | D10: Positive | E10: Verify checkAvailability() at the exact capacity boundary (course just filled) | F10: Course capacity = 30; enrolled = 30 (just reached) | G10: courseId: MATH210 | H10: 1) Call checkAvailability() immediately after the 30th enrollment. | I10: Function returns false (no seats remain) | J10: Returned false | K10: Pass | L10: cartii | M10: 2026-08-06
A11: TC-U-10 | B11: Unit | C11: Student.registerCourse() | D11: Negative | E11: Verify registerCourse() handles a non-existent course ID gracefully | F11: Student is logged in; courseId 'CS999' does not exist in the catalog | G11: courseId: CS999 | H11: 1) Call registerCourse(CS999). | I11: Function returns false with message 'Course not found'; no exception raised | J11: Unhandled exception was thrown; user saw a raw error screen | K11: Fail | L11: cartii | M11: 2026-08-06
A12: TC-I-01 | B12: Integration | C12: UC-3 includes UC-4 | D12: Positive | E12: Verify Register for Course correctly triggers Verify Prerequisites before completing | F12: Student meets all prerequisites for the target course | G12: studentId: S-2041; courseId: CS301 | H12: 1) Student submits registration for CS301. 2) Observe that prerequisite check runs before confirmation. | I12: Prerequisite check executes and passes; registration completes | J12: Prerequisite check ran and passed; registration completed | K12: Pass | L12: ken | M12: 2026-08-06
... A33: TC-A-07 | B33: UAT | C33: UC-5 | D33: Negative | E33: Confirm a student attempting to register for two overlapping sections receives a clear conflict warning | F33: Student is already registered for a course meeting Mon/Wed 10:00-11:15 AM | G33: Student attempts to add a second course meeting Mon 10:30-11:45 AM | H33: 1) Student attempts to register for the overlapping section. | I33: A clear message names both conflicting courses and their meeting times | J33: Message shown, but it did not name which existing course caused the conflict | K33: Fail (Minor) | L33: Volunteer Student Panel | M33: 2026-08-11

Sheet Summary
A1: Campus Course Registration System (CCRS) — Testing Summary
A3: By Test Level
A4: Test Level | B4: Total | C4: Pass | D4: Fail | E4: Pass Rate
A5: Unit | B5: =COUNTIF('Test Cases'!B:B,A5) -> 10 | C5: =COUNTIFS('Test Cases'!B:B,A5,'Test Cases'!K:K,"Pass") -> 8 | D5: =B5-C5 -> 2 | E5: =IFERROR(C5/B5,0) -> 0.8
A6: Integration | B6: =COUNTIF('Test Cases'!B:B,A6) -> 8 | C6: =COUNTIFS('Test Cases'!B:B,A6,'Test Cases'!K:K,"Pass") -> 7 | D6: =B6-C6 -> 1 | E6: =IFERROR(C6/B6,0) -> 0.875
A7: System | B7: =COUNTIF('Test Cases'!B:B,A7) -> 7 | C7: =COUNTIFS('Test Cases'!B:B,A7,'Test Cases'!K:K,"Pass") -> 6 | D7: =B7-C7 -> 1 | E7: =IFERROR(C7/B7,0) -> 0.85714286
A8: UAT | B8: =COUNTIF('Test Cases'!B:B,A8) -> 7 | C8: =COUNTIFS('Test Cases'!B:B,A8,'Test Cases'!K:K,"Pass") -> 6 | D8: =B8-C8 -> 1 | E8: =IFERROR(C8/B8,0) -> 0.85714286
A9: Total | B9: =SUM(B5:B8) -> 32 | C9: =SUM(C5:C8) -> 27 | D9: =SUM(D5:D8) -> 5 | E9: =IFERROR(C9/B9,0) -> 0.84375
A11: By Scenario Type
A12: Scenario Type | B12: Total | C12: Pass | D12: Fail | E12: Pass Rate
A13: Positive | B13: =COUNTIF('Test Cases'!D:D,A13) -> 21 | C13: =COUNTIFS('Test Cases'!D:D,A13,'Test Cases'!K:K,"Pass") -> 21 | D13: =B13-C13 -> 0 | E13: =IFERROR(C13/B13,0) -> 1
A14: Negative | B14: =COUNTIF('Test Cases'!D:D,A14) -> 11 | C14: =COUNTIFS('Test Cases'!D:D,A14,'Test Cases'!K:K,"Pass") -> 6 | D14: =B14-C14 -> 5 | E14: =IFERROR(C14/B14,0) -> 0.54545455
A16: Legend: 'Pass' = matched expected output. 'Fail' / 'Fail (Minor)' = actual output diverged from expected (see Actual Output column in Test Cases sheet).
