Workbook

Sheet Test Cases
A1: Test ID | B1: Objective | C1: Test Type | D1: Precondition | E1: Input | F1: Steps | G1: Expected Output | H1: Actual Output | I1: Pass/Fail | J1: Tester | K1: Date
A2: TC-01 | B2: Validate login rejects empty password (Use Case: Login) | C2: Unit | D2: User has a registered account | E2: Username: student1; Password: (blank) | F2: 1. Open login page 2. Enter username 3. Leave password blank 4. Click Login | G2: System shows 'Password is required' and blocks login | H2: Error shown as expected; login blocked | I2: Pass | J2: Student A | K2: 46248
A3: TC-02 | B3: Validate login rejects invalid credentials (Sequence: Verify credentials) | C3: Unit | D3: User is on login page | E3: Username: student1; Password: wrongpass | F3: 1. Enter valid username 2. Enter incorrect password 3. Click Login | G3: System shows 'Credentials invalid', does not display exam list | H3: Error shown; exam list not displayed | I3: Pass | J3: Student B | K3: 46249
A4: TC-03 | B4: Validate exam timer countdown decrements correctly (Activity: Timer Starts) | C4: Unit | D4: Exam session started with 60:00 duration | E4: N/A (timer component) | F4: 1. Start exam 2. Observe timer for 60 seconds | G4: Timer decrements from 60:00 to 59:00 in exactly 60 real seconds | H4: Timer decremented correctly | I4: Pass | J4: Student C | K4: 46250
A5: TC-04 | B5: Validate MCQ auto-grading logic for a single question (Sequence: Auto-grade MCQs) | C5: Unit | D5: Question bank has 1 MCQ with known correct answer | E5: Selected option: correct answer | F5: 1. Answer MCQ with correct option 2. Trigger Grading Engine | G5: Grading Engine awards full points for the question | H5: Full points awarded | I5: Pass | J5: Student A | K5: 46251
A6: TC-05 | B6: Validate randomized question pool has no duplicates (Class: Exam.randomizeQuestions()) | C6: Unit | D6: Question pool has 20 questions, exam requires 10 | E6: N/A | F6: 1. Call randomizeQuestions() for one student attempt 2. Inspect generated set | G6: 10 unique questions returned, no duplicates | H6: 10 unique questions returned | I6: Pass | J6: Student B | K6: 46252
A7: TC-06 | B7: Validate password field masks input (Use Case: Login) | C7: Unit | D7: User is on login page | E7: Password: 'Test@1234' | F7: 1. Click password field 2. Type password | G7: Characters are masked (shown as dots/asterisks) | H7: Characters masked correctly | I7: Pass | J7: Student C | K7: 46253
A8: TC-07 | B8: Verify final submission correctly triggers Grading Engine (Sequence: Send submission for grading) | C8: Integration | D8: Student has completed all answers in an active exam | E8: Completed answer set for a 10-question MCQ exam | F8: 1. Submit exam 2. Verify Exam System sends submission to Grading Engine 3. Verify Result record created in Database | G8: Submission passed to Grading Engine and a Result record is stored, linked to Submission ID | H8: Result record created and linked correctly | I8: Pass | J8: Student A | K8: 46248
A9: TC-08 | B9: Verify randomized question pool correctly feeds an exam session (Sequence: Fetch randomized question pool) | C9: Integration | D9: Instructor has configured an exam with a defined question pool | E9: Exam ID with linked question pool of 20 questions | F9: 1. Start exam session as student 2. Verify Database returns question set 3. Verify displayed questions match pool | G9: All displayed questions belong to the configured question pool for that exam | H9: Questions matched configured pool | I9: Pass | J9: Student B | K9: 46249
A10: TC-09 | B10: Verify auto-save persists each answer during the exam loop (Sequence: loop [Each question] -> Auto-save answer) | C10: Integration | D10: Student is mid-exam with at least 1 answered question | E10: Answer to Question 3 selected | F10: 1. Answer a question 2. Wait for auto-save trigger 3. Query database for saved answer | G10: Answer is persisted in the database immediately after each submitted answer | H10: Answer persisted as expected | I10: Pass | J10: Student C | K10: 46250
A11: TC-10 | B11: Verify technical issue ticket links to the correct exam session and student (Use Case: Raise Technical Issue) | C11: Integration | D11: Student is in an active exam session | E11: Issue description: 'Screen froze at Q5' | F11: 1. Raise a technical issue ticket during exam 2. Check ticket record for session/student linkage | G11: Ticket is stored with correct student ID, exam session ID, and timestamp | H11: Ticket linked correctly with timestamp | I11: Pass | J11: Student A | K11: 46251
A12: TC-11 | B12: Verify instructor grading action updates the Result record (Class: Instructor.gradeSubjective()) | C12: Integration | D12: A subjective-answer submission is pending manual grading | E12: Instructor-assigned score: 8/10 | F12: 1. Instructor opens pending submission 2. Calls gradeSubjective(submissionId) 3. Saves grade | G12: Result record updates with instructor's score and status changes to 'Graded' | H12: Result updated to Graded with score 8/10 | I12: Pass | J12: Student B | K12: 46252
A13: TC-12 | B13: Full end-to-end exam attempt from login to result display (Activity: full diagram flow) | C13: System | D13: Student account exists; exam is published and within its active window | E13: Valid login credentials; complete set of answers | F13: 1. Log in 2. View available exams 3. Select and start exam 4. Answer all questions 5. Manual submit 6. View result | G13: Student logs in, completes exam, submits, and sees an accurate result within seconds | H13: Full flow completed; result displayed within 3 seconds | I13: Pass | J13: Student C | K13: 46253
... A22: TC-21 | B22: Instructor confirms subjective-answer grading workflow matches expectations (Use Case: Grade Subjective Answers) | C22: UAT | D22: Instructor persona has pending subjective submissions to grade | E22: One subjective submission awaiting review | F22: 1. Instructor opens pending submission 2. Instructor grades and saves 3. Instructor reviews process against expectations | G22: Instructor confirms grading workflow (open, review, score, save) is intuitive and matches real usage | H22: Instructor confirmed workflow was intuitive | I22: Pass | J22: Student C | K22: 46250

Sheet Test Matrix
A1: Test Matrix Summary — Online Examination Process
A2: Auto-calculated from the 'Test Cases' sheet
A4: Test Type | B4: Total Cases | C4: Passed | D4: Failed | E4: Pass Rate (%)
A5: Unit | B5: =COUNTIF('Test Cases'!C:C,A5) -> 6 | C5: =COUNTIFS('Test Cases'!C:C,A5,'Test Cases'!I:I,"Pass") -> 6 | D5: =COUNTIFS('Test Cases'!C:C,A5,'Test Cases'!I:I,"Fail") -> 0 | E5: =IF(B5=0,0,C5/B5) -> 1
A6: Integration | B6: =COUNTIF('Test Cases'!C:C,A6) -> 5 | C6: =COUNTIFS('Test Cases'!C:C,A6,'Test Cases'!I:I,"Pass") -> 5 | D6: =COUNTIFS('Test Cases'!C:C,A6,'Test Cases'!I:I,"Fail") -> 0 | E6: =IF(B6=0,0,C6/B6) -> 1
A7: System | B7: =COUNTIF('Test Cases'!C:C,A7) -> 5 | C7: =COUNTIFS('Test Cases'!C:C,A7,'Test Cases'!I:I,"Pass") -> 4 | D7: =COUNTIFS('Test Cases'!C:C,A7,'Test Cases'!I:I,"Fail") -> 1 | E7: =IF(B7=0,0,C7/B7) -> 0.8
A8: UAT | B8: =COUNTIF('Test Cases'!C:C,A8) -> 5 | C8: =COUNTIFS('Test Cases'!C:C,A8,'Test Cases'!I:I,"Pass") -> 5 | D8: =COUNTIFS('Test Cases'!C:C,A8,'Test Cases'!I:I,"Fail") -> 0 | E8: =IF(B8=0,0,C8/B8) -> 1
A9: Total | B9: =SUM(B5:B8) -> 21 | C9: =SUM(C5:C8) -> 20 | D9: =SUM(D5:D8) -> 1 | E9: =IF(B9=0,0,C9/B9) -> 0.95238095
A12: Coverage by Student
A13: Tester | B13: Cases Assigned | C13: Passed | D13: Failed | E13: Pass Rate (%)
A14: Student A | B14: =COUNTIF('Test Cases'!J:J,A14) -> 7 | C14: =COUNTIFS('Test Cases'!J:J,A14,'Test Cases'!I:I,"Pass") -> 7 | D14: =COUNTIFS('Test Cases'!J:J,A14,'Test Cases'!I:I,"Fail") -> 0 | E14: =IF(B14=0,0,C14/B14) -> 1
A15: Student B | B15: =COUNTIF('Test Cases'!J:J,A15) -> 7 | C15: =COUNTIFS('Test Cases'!J:J,A15,'Test Cases'!I:I,"Pass") -> 6 | D15: =COUNTIFS('Test Cases'!J:J,A15,'Test Cases'!I:I,"Fail") -> 1 | E15: =IF(B15=0,0,C15/B15) -> 0.85714286
A16: Student C | B16: =COUNTIF('Test Cases'!J:J,A16) -> 7 | C16: =COUNTIFS('Test Cases'!J:J,A16,'Test Cases'!I:I,"Pass") -> 7 | D16: =COUNTIFS('Test Cases'!J:J,A16,'Test Cases'!I:I,"Fail") -> 0 | E16: =IF(B16=0,0,C16/B16) -> 1
A17: Total | B17: =SUM(B14:B16) -> 21 | C17: =SUM(C14:C16) -> 20 | D17: =SUM(D14:D16) -> 1 | E17: =IF(B17=0,0,C17/B17) -> 0.95238095
A20: Feature Coverage Checklist (mapped to UML diagrams)
A21: Feature (from Use Case Diagram) | B21: Covered By
A22: Login / Authentication | B22: TC-01, TC-02, TC-06, TC-12
A23: View Exam Schedule | B23: TC-12
A24: Take Exam (timer, auto-save, submit) | B24: TC-03, TC-09, TC-12, TC-13
A25: Auto-Submission | B25: TC-13
A26: View Results | B26: TC-12
A27: Raise Technical Issue | B27: TC-10, TC-20
A28: Create / Configure Exam | B28: TC-17
A29: Set Randomized Question Pool | B29: TC-05, TC-08
A30: Monitor Exam Session | B30: TC-15
A31: Grade Subjective Answers | B31: TC-11, TC-21
A32: Grading / Result Generation | B32: TC-04, TC-07, TC-12, TC-16
... A34: Generate Reports and Analytics | B34: TC-16, TC-19
